[
  {
    "id": "1953e8ba-3737-4af0-b93a-db56fd8a8212",
    "data": [
      {
        "text": "lista de jogos para ",
        "userDefined": false
      },
      {
        "text": "xbox",
        "meta": "@jogosXBOX",
        "alias": "jogosXBOX",
        "userDefined": true
      }
    ],
    "isTemplate": false,
    "count": 0,
    "lang": "pt-br",
    "updated": 0
  },
  {
    "id": "43f8c9c7-50fc-4962-ab3a-297f635e39ee",
    "data": [
      {
        "text": "jogo no ",
        "userDefined": false
      },
      {
        "text": "x box",
        "meta": "@jogosXBOX",
        "alias": "jogosXBOX",
        "userDefined": true
      }
    ],
    "isTemplate": false,
    "count": 0,
    "lang": "pt-br",
    "updated": 0
  },
  {
    "id": "06ea2c5b-0e71-4542-a297-bc374771a078",
    "data": [
      {
        "text": "gostaria de saber quais os jogos que vcs tem pra ",
        "userDefined": false
      },
      {
        "text": "xbox",
        "meta": "@jogosXBOX",
        "alias": "jogosXBOX",
        "userDefined": true
      }
    ],
    "isTemplate": false,
    "count": 0,
    "lang": "pt-br",
    "updated": 0
  },
  {
    "id": "7d2a7d92-7684-4acc-bb47-3181f752809c",
    "data": [
      {
        "text": "xbox",
        "meta": "@jogosXBOX",
        "alias": "jogosXBOX",
        "userDefined": true
      }
    ],
    "isTemplate": false,
    "count": 0,
    "lang": "pt-br",
    "updated": 0
  },
  {
    "id": "9f1ea307-da25-4c68-90c1-1c60b227c64a",
    "data": [
      {
        "text": "jogos ",
        "userDefined": false
      },
      {
        "text": "xbox",
        "meta": "@jogosXBOX",
        "alias": "jogosXBOX",
        "userDefined": true
      }
    ],
    "isTemplate": false,
    "count": 0,
    "lang": "pt-br",
    "updated": 0
  },
  {
    "id": "a1796980-e229-4318-97bd-1dd6c0de483d",
    "data": [
      {
        "text": "quais os jogos ",
        "userDefined": false
      },
      {
        "text": "para",
        "meta": "@sys.ignore",
        "userDefined": false
      },
      {
        "text": " ",
        "userDefined": false
      },
      {
        "text": "xbox",
        "meta": "@jogosXBOX",
        "alias": "jogosXBOX",
        "userDefined": true
      },
      {
        "text": " que vcs tem?",
        "userDefined": false
      }
    ],
    "isTemplate": false,
    "count": 0,
    "lang": "pt-br",
    "updated": 0
  }
]