[
  {
    "id": "fe403449-dcf9-410a-bccf-796efd6de342",
    "data": [
      {
        "text": "o que você faz?",
        "userDefined": false
      }
    ],
    "isTemplate": false,
    "count": 0,
    "lang": "pt-br",
    "updated": 0
  },
  {
    "id": "3550fcfa-0df4-4bd6-b519-e36544aa3e25",
    "data": [
      {
        "text": "em que você pode me ajudar?",
        "userDefined": false
      }
    ],
    "isTemplate": false,
    "count": 0,
    "lang": "pt-br",
    "updated": 0
  },
  {
    "id": "dc387ca3-5580-4818-b3c1-ae7dc82bf107",
    "data": [
      {
        "text": "me",
        "meta": "@sys.ignore",
        "userDefined": false
      },
      {
        "text": " ",
        "userDefined": false
      },
      {
        "text": "ajuda",
        "meta": "@sys.ignore",
        "userDefined": false
      }
    ],
    "isTemplate": false,
    "count": 0,
    "lang": "pt-br",
    "updated": 0
  },
  {
    "id": "07a7e4a9-666b-4003-9863-8db3b7504377",
    "data": [
      {
        "text": "qual tipo de ",
        "userDefined": false
      },
      {
        "text": "ajuda",
        "meta": "@sys.ignore",
        "userDefined": false
      },
      {
        "text": "?",
        "userDefined": false
      }
    ],
    "isTemplate": false,
    "count": 0,
    "lang": "pt-br",
    "updated": 0
  },
  {
    "id": "299e9cf5-24e3-45e0-ac23-a3b4c4f98fb9",
    "data": [
      {
        "text": "o que vc faz?",
        "userDefined": false
      }
    ],
    "isTemplate": false,
    "count": 0,
    "lang": "pt-br",
    "updated": 0
  },
  {
    "id": "ddd9a00f-029c-4a53-8d8c-fe736a366876",
    "data": [
      {
        "text": "em que vc pode me ajudar",
        "userDefined": false
      }
    ],
    "isTemplate": false,
    "count": 0,
    "lang": "pt-br",
    "updated": 0
  }
]