[
  {
    "id": "64732fe8-1b05-4725-ad2d-0658f23b9668",
    "data": [
      {
        "text": "gostaria de saber quais as lista de jogos pra ",
        "userDefined": false
      },
      {
        "text": "pc",
        "meta": "@jogosPC",
        "alias": "jogosPC",
        "userDefined": true
      }
    ],
    "isTemplate": false,
    "count": 0,
    "lang": "pt-br",
    "updated": 0
  },
  {
    "id": "677de49b-3da8-4b41-b108-f2a1903fe976",
    "data": [
      {
        "text": "lista de jogos pra ",
        "userDefined": false
      },
      {
        "text": "computador",
        "meta": "@jogosPC",
        "alias": "jogosPC",
        "userDefined": true
      }
    ],
    "isTemplate": false,
    "count": 0,
    "lang": "pt-br",
    "updated": 0
  },
  {
    "id": "64141f4c-6400-4cf0-95c5-b783fa3d941f",
    "data": [
      {
        "text": "pc",
        "meta": "@jogosPC",
        "alias": "jogosPC",
        "userDefined": true
      }
    ],
    "isTemplate": false,
    "count": 0,
    "lang": "pt-br",
    "updated": 0
  },
  {
    "id": "79f4eee4-d5c1-41fe-8e8a-22fd83597b88",
    "data": [
      {
        "text": "lista de jogos ",
        "userDefined": false
      },
      {
        "text": "pc",
        "meta": "@jogosPC",
        "alias": "jogosPC",
        "userDefined": true
      }
    ],
    "isTemplate": false,
    "count": 0,
    "lang": "pt-br",
    "updated": 0
  },
  {
    "id": "df683833-e537-4046-a251-fb2dc51d065f",
    "data": [
      {
        "text": "quais os jogos de ",
        "userDefined": false
      },
      {
        "text": "pc",
        "meta": "@jogosPC",
        "alias": "jogosPC",
        "userDefined": true
      },
      {
        "text": " que vcs tem?",
        "userDefined": false
      }
    ],
    "isTemplate": false,
    "count": 0,
    "lang": "pt-br",
    "updated": 0
  }
]