[
  {
    "id": "8dd72d24-d5b2-4c6a-9b20-4bc7ac0416a9",
    "data": [
      {
        "text": "jogos",
        "userDefined": false
      }
    ],
    "isTemplate": false,
    "count": 0,
    "lang": "pt-br",
    "updated": 0
  },
  {
    "id": "b4a56b49-8440-41b0-b08c-38d8026527fd",
    "data": [
      {
        "text": "quero ver a lista de jogos de ",
        "userDefined": false
      },
      {
        "text": "vcs",
        "meta": "@sys.ignore",
        "userDefined": false
      }
    ],
    "isTemplate": false,
    "count": 0,
    "lang": "pt-br",
    "updated": 0
  },
  {
    "id": "4b0fab6c-3c81-416c-8551-e891e45a3326",
    "data": [
      {
        "text": "lista de jogos",
        "userDefined": false
      }
    ],
    "isTemplate": false,
    "count": 0,
    "lang": "pt-br",
    "updated": 0
  },
  {
    "id": "4b60d4a2-1145-4f18-8ddb-88a120bd8754",
    "data": [
      {
        "text": "quais os jogos que vcs tem?",
        "userDefined": false
      }
    ],
    "isTemplate": false,
    "count": 0,
    "lang": "pt-br",
    "updated": 0
  }
]