[
  {
    "id": "279d1d43-467c-47f3-a531-f048a38c8b0b",
    "data": [
      {
        "text": "lista de jogos de ",
        "userDefined": false
      },
      {
        "text": "ps4",
        "meta": "@jogosPS4",
        "alias": "jogosPS4",
        "userDefined": false
      }
    ],
    "isTemplate": false,
    "count": 0,
    "lang": "pt-br",
    "updated": 0
  },
  {
    "id": "92b5c5c7-d459-4126-8aa6-bf0359b93495",
    "data": [
      {
        "text": "ps4",
        "meta": "@jogosPS4",
        "alias": "jogosPS4",
        "userDefined": true
      }
    ],
    "isTemplate": false,
    "count": 0,
    "lang": "pt-br",
    "updated": 0
  },
  {
    "id": "ebfd78c6-3752-4f32-bc64-10f7e28f1ce2",
    "data": [
      {
        "text": "playstation 4",
        "meta": "@jogosPS4",
        "alias": "jogosPS4",
        "userDefined": true
      }
    ],
    "isTemplate": false,
    "count": 0,
    "lang": "pt-br",
    "updated": 0
  },
  {
    "id": "e973526b-471f-4f18-83e3-8d12417980d2",
    "data": [
      {
        "text": "jogo no ",
        "userDefined": false
      },
      {
        "text": "play 4",
        "meta": "@jogosPS4",
        "alias": "jogosPS4",
        "userDefined": true
      }
    ],
    "isTemplate": false,
    "count": 1,
    "lang": "pt-br",
    "updated": 0
  },
  {
    "id": "775b1ec7-b54c-4931-8177-32db3b4b528e",
    "data": [
      {
        "text": "jogos de ",
        "userDefined": false
      },
      {
        "text": "ps4",
        "meta": "@jogosPS4",
        "alias": "jogosPS4",
        "userDefined": true
      }
    ],
    "isTemplate": false,
    "count": 0,
    "lang": "pt-br",
    "updated": 0
  },
  {
    "id": "112b8240-3ec0-4cf1-a058-1f254d2cce09",
    "data": [
      {
        "text": "quero saber se vcs tem ",
        "userDefined": false
      },
      {
        "text": "jogos",
        "meta": "@sys.ignore",
        "userDefined": false
      },
      {
        "text": " de ",
        "userDefined": false
      },
      {
        "text": "ps4",
        "meta": "@jogosPS4",
        "alias": "jogosPS4",
        "userDefined": true
      },
      {
        "text": "?",
        "userDefined": false
      }
    ],
    "isTemplate": false,
    "count": 0,
    "lang": "pt-br",
    "updated": 0
  },
  {
    "id": "37831e32-d697-4e19-bd47-c7bdf7ce65ae",
    "data": [
      {
        "text": "gostaria de saber quais ",
        "userDefined": false
      },
      {
        "text": "jogos",
        "meta": "@sys.ignore",
        "userDefined": false
      },
      {
        "text": " vcs tem pra ",
        "userDefined": false
      },
      {
        "text": "ps4",
        "meta": "@jogosPS4",
        "alias": "jogosPS4",
        "userDefined": true
      }
    ],
    "isTemplate": false,
    "count": 0,
    "lang": "pt-br",
    "updated": 0
  }
]